<?xml version="1.0" encoding="UTF-8"?>
<project-private xmlns="http://www.netbeans.org/ns/project-private/1">
    <editor-bookmarks xmlns="http://www.netbeans.org/ns/editor-bookmarks/2" lastBookmarkId="0"/>
    <open-files xmlns="http://www.netbeans.org/ns/projectui-open-files/2">
        <group>
            <file>file:/C:/Users/Bintang/Documents/NetBeansProjects/Perpustakaan/src/data/mahasiswa.java</file>
            <file>file:/C:/Users/Bintang/Documents/NetBeansProjects/Perpustakaan/src/data/pinjam.java</file>
            <file>file:/C:/Users/Bintang/Documents/NetBeansProjects/Perpustakaan/src/data/kembali.java</file>
            <file>file:/C:/Users/Bintang/Documents/NetBeansProjects/Perpustakaan/src/koneksi/MySQLKoneksi.java</file>
            <file>file:/C:/Users/Bintang/Documents/NetBeansProjects/Perpustakaan/src/main/MainClass.java</file>
            <file>file:/C:/Users/Bintang/Documents/NetBeansProjects/Perpustakaan/src/data/buku.java</file>
        </group>
    </open-files>
</project-private>
